{
    "items": [
      { "id": 1, "name": "WheelSpin", "type": "public","imageUrl":"143945-200.png" },
      { "id": 2, "name": "GoPreference", "type": "private","imageUrl":"143945-200.png" },
      { "id": 3, "name": "android-smack", "type": "sources","imageUrl":"143945-200.png" },
      { "id": 4, "name": "android-web-service", "type": "forks","imageUrl":"143945-200.png" },
      { "id": 5, "name": "restrauntproduct", "type": "public","imageUrl":"143945-200.png" },
      { "id": 6, "name": "tinyowl-locker", "type": "private","imageUrl":"143945-200.png" },
      { "id": 7, "name": "tinyowl.app", "type": "private","imageUrl":"143945-200.png" }
    ] 
  }